Hugo_Symbol	Chromosome	Start_Position	End_Position	Variant_Classification	Variant_Type	Reference_Allele	Tumor_Seq_Allele	Tumor_Sample_Barcode	HGVSp_Short	Mutation_Status	VAF
KRAS	12	25398284	25398284	Missense_Mutation	SNP	C	A	PAAD-SAMPLE-004	p.G12V	Somatic	0.61
TP53	17	7674220	7674220	Nonsense_Mutation	SNP	C	T	PAAD-SAMPLE-004	p.R213*	Somatic	0.57
SMAD4	18	48591918	48591918	Frameshift_Del	DEL	ACGT	-	PAAD-SAMPLE-004	p.R361fs	Somatic	0.49
CDKN2A	9	21971186	21971186	Nonsense_Mutation	SNP	G	T	PAAD-SAMPLE-004	p.E61*	Somatic	0.44
BRCA2	13	32914438	32914438	Frameshift_Del	DEL	TTAG	-	PAAD-SAMPLE-004	p.K3326fs	Somatic	0.38
RNF43	17	56397431	56397431	Nonsense_Mutation	SNP	G	A	PAAD-SAMPLE-004	p.W659*	Somatic	0.31
TTN	2	179393004	179393004	Missense_Mutation	SNP	G	C	PAAD-SAMPLE-004	p.R14167P	Somatic	0.27
ARID1A	1	26780603	26780603	Splice_Site	SNP	G	A	PAAD-SAMPLE-004	p.X1518_splice	Somatic	0.24
MUC16	19	9042526	9042526	Missense_Mutation	SNP	A	T	PAAD-SAMPLE-004	p.S11977T	Somatic	0.21
KMT2C	7	151945060	151945060	Frameshift_Del	DEL	AT	-	PAAD-SAMPLE-004	p.L2364fs	Somatic	0.18
PBRM1	3	52579751	52579751	Nonsense_Mutation	SNP	C	T	PAAD-SAMPLE-004	p.Q820*	Somatic	0.15
TGFBR2	3	30691871	30691871	Frameshift_Ins	INS	-	AT	PAAD-SAMPLE-004	p.K128fs	Somatic	0.13
