Sample	Chromosome	Start	End	Num_Probes	Segment_Mean	Gene	CN_State
PAAD-SAMPLE-004	9	21900000	22100000	45	-3.21	CDKN2A	Homozygous Deletion
PAAD-SAMPLE-004	18	48500000	48700000	38	-2.74	SMAD4	Homozygous Deletion
PAAD-SAMPLE-004	13	32800000	33000000	51	-1.98	BRCA2	Heterozygous Loss
PAAD-SAMPLE-004	12	25300000	25500000	52	1.87	KRAS	High Amplification
PAAD-SAMPLE-004	8	128700000	128900000	33	2.14	MYC	High Amplification
PAAD-SAMPLE-004	6	52000000	52200000	29	1.43	CCND3	Amplification
PAAD-SAMPLE-004	17	7600000	7800000	41	0.88	TP53	Gain
PAAD-SAMPLE-004	1	26700000	26900000	37	-1.31	ARID1A	Heterozygous Loss
PAAD-SAMPLE-004	3	52500000	52700000	31	-1.55	PBRM1	Heterozygous Loss
